Q2_GeV2,num,num_err,ana,diff,rel_diff_percent
1.009989999999999862e-04,0.000000000000000000e+00,0.000000000000000000e+00,2.553389977417826280e+07,-2.553389977417826280e+07,-1.000000000000000000e+02
3.009970000000000050e-04,0.000000000000000000e+00,0.000000000000000000e+00,2.872796990556173027e+06,-2.872796990556173027e+06,-1.000000000000000142e+02
5.009949999999999560e-04,0.000000000000000000e+00,0.000000000000000000e+00,1.036192671596940374e+06,-1.036192671596940374e+06,-1.000000000000000000e+02
7.009930000000000154e-04,0.000000000000000000e+00,0.000000000000000000e+00,5.288810659978204640e+05,-5.288810659978204640e+05,-1.000000000000000000e+02
9.009909999999999664e-04,1.284110178284477797e+03,1.050432417821909103e+00,3.199061671951232711e+05,-3.186220570168388076e+05,-9.959859786713606411e+01
1.100988999999999917e-03,2.158678895950473379e+05,9.145228330130344974e-01,2.140798287336723297e+05,1.788060861375008244e+03,8.352308911828676408e-01
1.300986999999999977e-03,1.541174132376033231e+05,9.519768201310260247e-01,1.532053879897747538e+05,9.120252478285692632e+02,5.952958050597018103e-01
1.500984999999999819e-03,1.155272940621850867e+05,6.385229661478714069e-01,1.150126332495621464e+05,5.146608126229402842e+02,4.474819835714869964e-01
1.700982999999999879e-03,8.980255622254077753e+04,6.271488699733939187e-01,8.949044283240663935e+04,3.121133901341381716e+02,3.487672876070677108e-01
1.900980999999999938e-03,7.179765972848514502e+04,6.559426689686885803e-01,7.159776367090089479e+04,1.998960575842502294e+02,2.791931581872758028e-01
2.100978999999999781e-03,5.870525567534039146e+04,5.702528053736389824e-01,5.857199911832163343e+04,1.332565570187580306e+02,2.275089787349851012e-01
2.300976999999999623e-03,4.888965580508342100e+04,6.745391813719320284e-01,4.879636029325973504e+04,9.329551182368595619e+01,1.911935875196267565e-01
2.500974999999999900e-03,4.134093974111621355e+04,8.967740218630497750e-01,4.127355256372319127e+04,6.738717739302228438e+01,1.632696320215752395e-01
2.700972999999999742e-03,3.540914101492315967e+04,6.784144964771314790e-01,3.536133799552815617e+04,4.780301939500350272e+01,1.351844192124425359e-01
2.900971000000000018e-03,3.066749569919571877e+04,5.515871879372425957e-01,3.063099304225404194e+04,3.650265694167683250e+01,1.191690288699524120e-01
3.100968999999999861e-03,2.681569461244715058e+04,5.444790913594198534e-01,2.678747213091274170e+04,2.822248153440887108e+01,1.053570168789466632e-01
3.300967000000000137e-03,2.364447410585746184e+04,6.774993527994997988e-01,2.362234458711019397e+04,2.212951874726786627e+01,9.368045015880047122e-02
3.500964999999999980e-03,2.100246858619485647e+04,5.716359328997825395e-01,2.098498513412847387e+04,1.748345206638259697e+01,8.331410270073894009e-02
3.700962999999999822e-03,1.877764141706201917e+04,3.873023274867937182e-01,1.876435365287036984e+04,1.328776419164933031e+01,7.081386568098875511e-02
3.900960999999999665e-03,1.688778237133928997e+04,5.450638053349244894e-01,1.687713892570741882e+04,1.064344563187114545e+01,6.306427694127081374e-02
4.100958999999999507e-03,1.526913430354959746e+04,4.746099968437006988e-01,1.525984729244367736e+04,9.287011105920100817e+00,6.085913527141791068e-02
4.300957000000000217e-03,1.387142915790488769e+04,4.489528810052392238e-01,1.386340450461939508e+04,8.024653285492604482e+00,5.788371307220190748e-02
4.500955000000000060e-03,1.265596863446399584e+04,2.885528976307301097e-01,1.264939814961198681e+04,6.570484852009030874e+00,5.194306301608963422e-02
4.700952999999999903e-03,1.159297830815567431e+04,3.091220827622868650e-01,1.158741464567180628e+04,5.563662483868029085e+00,4.801470089746204262e-02
4.900950999999999745e-03,1.065697002387276916e+04,4.644866839092965938e-01,1.065312103935606137e+04,3.848984516707787407e+00,3.613011156531872881e-02
5.100948999999999588e-03,9.831196640593954726e+03,3.983415229353046705e-01,9.826862726626193762e+03,4.333913967760963715e+00,4.410272218434564684e-02
5.300947000000000298e-03,9.096400236402572773e+03,3.402998238982453127e-01,9.092624406468306915e+03,3.775829934265857446e+00,4.152629390013964916e-02
5.500944999999999273e-03,8.439910228626287790e+03,4.397222355235063662e-01,8.437250593525002841e+03,2.659635101284948178e+00,3.152253298397977160e-02
5.700942999999999983e-03,7.852238655993316570e+03,3.992845438039498429e-01,7.849854153925449282e+03,2.384502067867288133e+00,3.037638688707201481e-02
5.900940999999999825e-03,7.323491589084058432e+03,4.960349572645138538e-01,7.321362766835363800e+03,2.128822248694632435e+00,2.907685790871976025e-02
6.100938999999999668e-03,6.846081635834304507e+03,3.617489300920846418e-01,6.844167744821987071e+03,1.913891012317435525e+00,2.796382385229242637e-02
6.300936999999999510e-03,6.413702739428076711e+03,4.263867125547988746e-01,6.411849640628000088e+03,1.853098800076622865e+00,2.890115807355587985e-02
6.500935000000000220e-03,6.020041260172484726e+03,2.966098655368780146e-01,6.018962036714126043e+03,1.079223458358683274e+00,1.793039151560845215e-02
6.700933000000000063e-03,5.663199424468130019e+03,3.904192221308298016e-01,5.660859834868507278e+03,2.339589599622740934e+00,4.132922679363754126e-02
6.900930999999999038e-03,5.333763883800361327e+03,4.434018165288300395e-01,5.333561879279163804e+03,2.020045211975229904e-01,3.787422472443951506e-03
7.100928999999999748e-03,5.034562538202472751e+03,4.829078234499019628e-01,5.033640286601697881e+03,9.222516007748708944e-01,1.832176214954564508e-02
7.300926999999999591e-03,4.759404415531375889e+03,4.388038281944441898e-01,4.758130710639336939e+03,1.273704892038949765e+00,2.676901853895908429e-02
7.500924999999999433e-03,4.505861530146510631e+03,4.352483713010090738e-01,4.504459135729414811e+03,1.402394417095820245e+00,3.113346963172589771e-02
7.700922999999999276e-03,4.270692835764738447e+03,3.863790637862936084e-01,4.270381809232478190e+03,3.110265322602572269e-01,7.283342477429634830e-03
7.900920999999999986e-03,4.055109374606350684e+03,3.061203988721488134e-01,4.053935685882103826e+03,1.173688724246858328e+00,2.895183385208226559e-02
8.100918999999999828e-03,3.853526126562820536e+03,3.468272594220880856e-01,3.853397333264275858e+03,1.287932985446786915e-01,3.342331127726602333e-03
8.300916999999999671e-03,3.667848621899995578e+03,2.173053626469269584e-01,3.667248687002545921e+03,5.999348974496570008e-01,1.635926408743276078e-02
8.500915000000001248e-03,3.494941132954807017e+03,3.598833663351040935e-01,3.494148381409570902e+03,7.927515452361149073e-01,2.268797597302699143e-02
8.700912999999999356e-03,3.332612539277428368e+03,4.170136375947346985e-01,3.332907641945125306e+03,-2.951026676969377149e-01,-8.854210779291568287e-03
8.900910999999999199e-03,3.182978939126006026e+03,2.912096177243085338e-01,3.182469928512991373e+03,5.090106130146523356e-01,1.599420024221524794e-02
9.100908999999999041e-03,3.042828024217984421e+03,2.626277674835245102e-01,3.041893677271008528e+03,9.343469469758929336e-01,3.071596334734910672e-02
9.300906999999998884e-03,2.910608097865842410e+03,3.919684518739423584e-01,2.910337613525560300e+03,2.704843402821097698e-01,9.293916246178984472e-03
9.500905000000000461e-03,2.787381938644975435e+03,3.873234262520317550e-01,2.787048207164934411e+03,3.337314800410240423e-01,1.197437056104979670e-02
9.700903000000000304e-03,2.671327411114298684e+03,2.829964477642353260e-01,2.671348920792954232e+03,-2.150967865554775926e-02,-8.051991444518187113e-04
9.900901000000000146e-03,2.563117344595959366e+03,3.290086586764082721e-01,2.562630963692431123e+03,4.863809035282429249e-01,1.897974817362811997e-02
1.010089899999999825e-02,2.460963281983463730e+03,4.155307760844765275e-01,2.460345315371646848e+03,6.179666118168825051e-01,2.511706824062360024e-02
1.030089699999999983e-02,2.364473281451607818e+03,2.581763321132861111e-01,2.363995823336318608e+03,4.774581152892096725e-01,2.019707947771966564e-02
1.050089499999999967e-02,2.273026907312140793e+03,3.313578807368166568e-01,2.273133212904653192e+03,-1.063055925123990164e-01,-4.676610763896220900e-03
1.070089299999999952e-02,2.187636933333002162e+03,2.983072315117921147e-01,2.187349873915219632e+03,2.870594177825296356e-01,1.312361690307509848e-02
1.090089099999999936e-02,2.106582506687202567e+03,2.405670397434360452e-01,2.106275311294748008e+03,3.071953924545596237e-01,1.458476918032731474e-02
1.110088899999999920e-02,2.030579136242448158e+03,4.736972384540173997e-01,2.029572164620894227e+03,1.006971621553930163e+00,4.961497004675482353e-02
1.130088700000000078e-02,1.955746461495573158e+03,6.263355370222231100e-01,1.956932716795709666e+03,-1.186255300136508595e+00,-6.061809330260921336e-02
1.150088499999999889e-02,1.888966736563777204e+03,4.676265278749731080e-01,1.888075824343282648e+03,8.909122204945560952e-01,4.718625221550285659e-02
1.170088299999999873e-02,1.822638495326028305e+03,4.108814490031165167e-01,1.822744212141306434e+03,-1.057168152781287063e-01,-5.799871126949606055e-03
1.190088099999999857e-02,1.761277410724693937e+03,5.366258849053918700e-01,1.760702083976619178e+03,5.753267480747581430e-01,3.267598495569214168e-02
1.210087900000000015e-02,1.701922580258380094e+03,3.371880128519837982e-01,1.701733007488227486e+03,1.895727701526084275e-01,1.113998314179845753e-02
1.230087699999999999e-02,1.645281526477578609e+03,3.922569097652301440e-01,1.645638038077698411e+03,-3.565116001198020967e-01,-2.166403497431611258e-02
1.250087499999999983e-02,1.592437246243076970e+03,2.806731343967859282e-01,1.592234051428131579e+03,2.031948149453910446e-01,1.276161722349414447e-02
1.270087299999999968e-02,1.541638386783173019e+03,2.861907437429218048e-01,1.541352258543308380e+03,2.861282398646380898e-01,1.856345545145211481e-02
1.290087099999999778e-02,1.492629919456890320e+03,3.065591683568476555e-01,1.492836880831863027e+03,-2.069613749727068353e-01,-1.386362955190257804e-02
1.310086899999999936e-02,1.446369670599096708e+03,3.611777047203351132e-01,1.446543965827103875e+03,-1.742952280071676796e-01,-1.204907919321410170e-02
1.330086699999999920e-02,1.402082529067973383e+03,2.496910965670490756e-01,1.402340326741198396e+03,-2.577976732250135683e-01,-1.838338870451595303e-02
1.350086499999999905e-02,1.360391721290292253e+03,2.598550566588507249e-01,1.360102591276864359e+03,2.891300134278935730e-01,2.125795622199780702e-02
1.370086299999999889e-02,1.319565125855835504e+03,2.654925937915850742e-01,1.319716347021768570e+03,-1.512211659330660041e-01,-1.145861125948238572e-02
1.390086100000000047e-02,1.281087281176476154e+03,2.464212878810723983e-01,1.281075372381062607e+03,1.190879541354661342e-02,9.295936578198678475e-04
1.410085900000000031e-02,1.244257511212616237e+03,3.507249697446583880e-01,1.244080943404034997e+03,1.765678085812396603e-01,1.419263027195944056e-02
1.430085700000000015e-02,1.208768672607143571e+03,2.187108762785707761e-01,1.208641208066873105e+03,1.274645402704663866e-01,1.054610246777337029e-02
1.450085499999999826e-02,1.174922909077499980e+03,2.299354027385379085e-01,1.174670620614293284e+03,2.522884632066961785e-01,2.147737917159808427e-02
1.470085299999999810e-02,1.142297094672470394e+03,3.082396659740977984e-01,1.142089429462828093e+03,2.076652096423003968e-01,1.818292020616756391e-02
1.490085099999999968e-02,1.110508114291739730e+03,2.235950871796700268e-01,1.110823212948606397e+03,-3.150986568666667154e-01,-2.836622904469724565e-02
1.510084899999999952e-02,1.080572472536409578e+03,2.879080770576502579e-01,1.080802457879819713e+03,-2.299853434101351013e-01,-2.127912845991218257e-02
1.530084699999999936e-02,1.052016155223678879e+03,2.747714595144157279e-01,1.051962176443407088e+03,5.397878027179103810e-02,5.131247252091193645e-03
1.550084499999999921e-02,1.024678161125199495e+03,2.857266139792850046e-01,1.024241557529284137e+03,4.366035959153578005e-01,4.262701437037472174e-02
1.570084299999999905e-02,9.975637119711514060e+02,2.568908510892646269e-01,9.975836489841585717e+02,-1.993701300716566038e-02,-1.998530451803972804e-03
1.590084099999999889e-02,9.720227019565230648e+02,1.761837461202929445e-01,9.719350676995561571e+02,8.763425696690774203e-02,9.016472383728948992e-03
1.610083899999999874e-02,9.476004330665251700e+02,2.431741874034473727e-01,9.472457347828307093e+02,3.546982836944607698e-01,3.744522362782454900e-02
1.630083699999999858e-02,9.231341568152309947e+02,2.393261076449058611e-01,9.234686333620602454e+02,-3.344765468292507649e-01,-3.621958935535540131e-02
1.650083499999999842e-02,9.007692981452693175e+02,2.961148223743751973e-01,9.005595868414263805e+02,2.097113038429370135e-01,2.328677712248525614e-02
1.670083299999999826e-02,8.783458935584023948e+02,2.041639247487687103e-01,8.784770556577773277e+02,-1.311620993749329500e-01,-1.493062323371925626e-02
1.690083099999999811e-02,8.573076499386731939e+02,2.044489117482127249e-01,8.571819507955974586e+02,1.256991430757352646e-01,1.466423120074647132e-02
1.710082900000000142e-02,8.365699644939585369e+02,2.060916609712666880e-01,8.366374625000671585e+02,-6.749800610862166650e-02,-8.067772378602547714e-03
1.730082700000000126e-02,8.169523649423985034e+02,1.896706160429419696e-01,8.168089027894623086e+02,1.434621529361947978e-01,1.756373521961636722e-02
1.750082500000000110e-02,7.977846105696258974e+02,1.549228185593304052e-01,7.976635605112506937e+02,1.210500583752036619e-01,1.517557832247199735e-02
1.770082300000000095e-02,7.792594486635975954e+02,1.951296915457181591e-01,7.791705678133208721e+02,8.888085027672332217e-02,1.140711083661183865e-02
1.790082100000000079e-02,7.611554616064713628e+02,2.568685452105664568e-01,7.613007770147019073e+02,-1.453154082305445627e-01,-1.908777878834849728e-02
1.810081899999999716e-02,7.442101718971327955e+02,2.132301921709935377e-01,7.440266469606688133e+02,1.835249364639821579e-01,2.466644672118628590e-02
1.830081699999999700e-02,7.270794565636889502e+02,1.559684797644781684e-01,7.273221380366805988e+02,-2.426814729916486613e-01,-3.336643562737390961e-02
1.850081499999999685e-02,7.113565202057881152e+02,1.873083054798072022e-01,7.111626150955768253e+02,1.939051102112898661e-01,2.726593132081752552e-02
1.870081299999999669e-02,6.954442794072041352e+02,1.914419810548060041e-01,6.955247576238891725e+02,-8.047821668503729597e-02,-1.157086297833219077e-02
1.890081100000000000e-02,6.802293889323245821e+02,1.370721035089687567e-01,6.803864765370201440e+02,-1.570876046955618222e-01,-2.308799632454402659e-02
1.910080899999999984e-02,6.658166983559648315e+02,1.522482295569904942e-01,6.657268370503177266e+02,8.986130564710492763e-02,1.349822489435151436e-02
1.930080699999999969e-02,6.515682069153273233e+02,2.142109722734301391e-01,6.515259871244127226e+02,4.221979091460070777e-02,6.480139203801028348e-03
1.950080499999999953e-02,6.376638616022173665e+02,2.529222661923619664e-01,6.377650910292860544e+02,-1.012294270686879827e-01,-1.587252555722582642e-02
1.970080299999999937e-02,6.245821923719771576e+02,1.277486777280254227e-01,6.244262676129776537e+02,1.559247589995038652e-01,2.497088400774112940e-02
1.990080099999999921e-02,6.112780305226439168e+02,2.308329094553261962e-01,6.114925328981613575e+02,-2.145023755174406688e-01,-3.507849466301890540e-02
2.010079899999999906e-02,5.988786730364192863e+02,2.164762184022878677e-01,5.989477466633894664e+02,-6.907362697018015751e-02,-1.153249634128764023e-02
2.030079699999999890e-02,5.868268597917558509e+02,1.757272506847304128e-01,5.867765626961346470e+02,5.029709562120388000e-02,8.571762885364339266e-03
2.050079499999999874e-02,5.751571142280956792e+02,2.158816200382703276e-01,5.749643824321169632e+02,1.927317959787160362e-01,3.352064960327710147e-02
2.070079300000000205e-02,5.632111677758634869e+02,1.952162734249831832e-01,5.634973117201186597e+02,-2.861439442551727552e-01,-5.078000166171094121e-02
2.090079099999999843e-02,5.525632657366379590e+02,1.206061506935079408e-01,5.523621204738843744e+02,2.011452627535845750e-01,3.641547008709021538e-02
2.110078899999999827e-02,5.413586122591634648e+02,1.396116914996186342e-01,5.415462049929441264e+02,-1.875927337806615469e-01,-3.464020836100323297e-02
2.130078699999999811e-02,5.312640366479898830e+02,1.617336333168022111e-01,5.310375527525804955e+02,2.264838954093875145e-01,4.264931815752590061e-02
2.150078499999999795e-02,5.205317305292488754e+02,1.914634203874059915e-01,5.208247094798028911e+02,-2.929789505540156824e-01,-5.625288993040318541e-02
2.170078299999999780e-02,5.111000329376389573e+02,1.297529004724400636e-01,5.108967483473592210e+02,2.032845902797362214e-01,3.978976005177523728e-02
2.190078099999999764e-02,5.012956686793473864e+02,1.350751054246753791e-01,5.012432411315328977e+02,5.242754781448866197e-02,1.045950219620636786e-02
2.210077899999999748e-02,4.916856146264045151e+02,1.627259326428706354e-01,4.918542311920221550e+02,-1.686165656176399352e-01,-3.428181662867738067e-02
2.230077699999999732e-02,4.828181671211223716e+02,1.420594758515935641e-01,4.827202081435864898e+02,9.795897753588178603e-02,2.029311718948041340e-02
2.250077500000000064e-02,4.738437379123591882e+02,1.494270806984793476e-01,4.738320840995255594e+02,1.165381283362876275e-02,2.459481581070172788e-03
2.270077300000000048e-02,4.651956602776114664e+02,1.085888208400435651e-01,4.651811713765455352e+02,1.448890106593125893e-02,3.114679173934809669e-03
2.290077100000000032e-02,4.564149515752460502e+02,1.487071844178880775e-01,4.567591615592203311e+02,-3.442099839742809309e-01,-7.535918552772213896e-02
2.310076900000000016e-02,4.487927777417469315e+02,1.304799783358328857e-01,4.485581058301453368e+02,2.346719116015947293e-01,5.231694813925790583e-02
2.330076700000000001e-02,4.404354410717987207e+02,1.162639040157770753e-01,4.405703964791314320e+02,-1.349554073327112746e-01,-3.063197355319894483e-02
2.350076499999999985e-02,4.328014728399875821e+02,1.220168405253385380e-01,4.327887495113944283e+02,1.272332859315383757e-02,2.939847352205457280e-03
2.370076299999999622e-02,4.254187482455477038e+02,1.571288895754789361e-01,4.252061882807497000e+02,2.125599647980038753e-01,4.998985684038480953e-02
2.390076099999999606e-02,4.177364820498489735e+02,1.211878033759280909e-01,4.178160280793820789e+02,-7.954602953310541125e-02,-1.903852992398660099e-02
2.410075899999999591e-02,4.105487028357454733e+02,1.410193170304086530e-01,4.106118616208663070e+02,-6.315878512083372698e-02,-1.538162703617915877e-02
2.430075699999999922e-02,4.038812617537194001e+02,1.739376872542298669e-01,4.035875453577685903e+02,2.937163959508097832e-01,7.277637759867905398e-02
2.450075499999999906e-02,3.963759640735681842e+02,1.460911013203839148e-01,3.967371865794718246e+02,-3.612225059036404673e-01,-9.104831060026753742e-02
2.470075299999999890e-02,3.902393325847242522e+02,1.398051410041345477e-01,3.900551312398202413e+02,1.842013449040109663e-01,4.722443832965684402e-02
2.490075099999999875e-02,3.834882726362041012e+02,1.387120026336632339e-01,3.835359524677970740e+02,-4.767983159297273232e-02,-1.243164592163653430e-02
2.510074899999999859e-02,3.770381826109471604e+02,1.013832173855491736e-01,3.771744397178075019e+02,-1.362571068603415370e-01,-3.612575310306968129e-02
2.530074699999999843e-02,3.710917429043513494e+02,1.452771908995048877e-01,3.709655885192175333e+02,1.261543851338160493e-01,3.400703165956341784e-02
2.550074499999999827e-02,3.647627940999365137e+02,1.681612567246408008e-01,3.649045907876336514e+02,-1.417966876971377133e-01,-3.885856502684018748e-02
2.570074299999999812e-02,3.590664754762884741e+02,1.172812972814708254e-01,3.589868256630372798e+02,7.964981325119424582e-02,2.218739172505385451e-02
2.590074100000000143e-02,3.530690832431842523e+02,1.156121653578403158e-01,3.532078508422987966e+02,-1.387675991145442822e-01,-3.928780144145255920e-02
2.610073900000000127e-02,3.478344180835148336e+02,1.260671815399681539e-01,3.475633943758357987e+02,2.710237076790349420e-01,7.797820831096065330e-02
2.630073700000000111e-02,3.420183897976100411e+02,8.256791797484148987e-02,3.420493469002362872e+02,-3.095710262624606912e-02,-9.050478507498849190e-03
2.650073500000000096e-02,3.366108815001484231e+02,9.257212306057110984e-02,3.366617542805879566e+02,-5.087278043953347151e-02,-1.511094735077450277e-02
2.670073299999999733e-02,3.312690554230625821e+02,7.543492624780841205e-02,3.313968106380083896e+02,-1.277552149458074382e-01,-3.855052639156419242e-02
2.690073099999999717e-02,3.263731879893092582e+02,1.246003846615821586e-01,3.262508517395133936e+02,1.223362497958646600e-01,3.749760319201891207e-02
2.710072899999999702e-02,3.211120084416631926e+02,1.039882113379278494e-01,3.212203487288792871e+02,-1.083402872160945662e-01,-3.372771608175340052e-02
2.730072699999999686e-02,3.162610280968984853e+02,9.598989414845832124e-02,3.163019021785470954e+02,-4.087408164861017212e-02,-1.292248999044509107e-02
2.750072499999999670e-02,3.115748102729768334e+02,8.485531022205673735e-02,3.114922364439304374e+02,8.257382904639598564e-02,2.650911303250395173e-02
2.770072300000000001e-02,3.067774604066479469e+02,9.838674760969745581e-02,3.067881943026942508e+02,-1.073389604630392569e-02,-3.498796969909887845e-03
2.790072099999999986e-02,3.023444298568985005e+02,9.935926297407521313e-02,3.021867318626892143e+02,1.576979942092862075e-01,5.218561160419931538e-02
2.810071899999999970e-02,2.976419137512303905e+02,9.358193219819502251e-02,2.976849137232741214e+02,-4.299997204373084969e-02,-1.444479382777970854e-02
2.830071699999999954e-02,2.934551701853604868e+02,9.973465884792566405e-02,2.932799083757299741e+02,1.752618096305127438e-01,5.975922817255500952e-02
2.850071499999999938e-02,2.887353565163710982e+02,7.916464381016867502e-02,2.889689838293594448e+02,-2.336273129883466027e-01,-8.084857755056060191e-02
2.870071299999999923e-02,2.849329230545955625e+02,9.089196078470046514e-02,2.847495034507177252e+02,1.834196038778372895e-01,6.441437180928470674e-02
2.890071099999999907e-02,2.805548414670098509e+02,5.654052319188814651e-02,2.806189220041931094e+02,-6.408053718325845693e-02,-2.283542988676328170e-02
2.910070899999999891e-02,2.766529263289163509e+02,1.032105527979735454e-01,2.765747818828841105e+02,7.814444603224046659e-02,2.825436415433234261e-02
2.930070699999999875e-02,2.724846941519080588e+02,1.087323182887815348e-01,2.726147095193965129e+02,-1.300153674884541033e-01,-4.769198540961470945e-02
2.950070500000000207e-02,2.686611171285674686e+02,1.063646816098001990e-01,2.687364119668234821e+02,-7.529483825601346325e-02,-2.801810060086271092e-02
2.970070299999999844e-02,2.650011383446448576e+02,6.867526911640854659e-02,2.649376736407477324e+02,6.346470389712521865e-02,2.395457883546701222e-02
2.990070099999999828e-02,2.611529455310051162e+02,6.036723713524200230e-02,2.612163532136640924e+02,-6.340768265897622769e-02,-2.427400960119498532e-02
3.010069899999999812e-02,2.575994638654220807e+02,8.490419073368209169e-02,2.575703806537365494e+02,2.908321168553129610e-02,1.129136495109240267e-02
3.030069699999999797e-02,2.539833941190668156e+02,8.590592561227054780e-02,2.539977544002725836e+02,-1.436028120576793299e-02,-5.653704002098264986e-03
3.050069499999999781e-02,2.504807167993070038e+02,6.358567027076691969e-02,2.504965386687555338e+02,-1.582186944852992383e-02,-6.316202823645398340e-03
3.070069299999999765e-02,2.470846821348944218e+02,6.912867587997673091e-02,2.470648608786948728e+02,1.982125619954899776e-02,8.022693364428273161e-03
3.090069099999999749e-02,2.436351470603935070e+02,8.048921966078136092e-02,2.437009091979374205e+02,-6.576213754391346811e-02,-2.698477316327962602e-02
3.110068899999999734e-02,2.403641660102398703e+02,9.291822822119163994e-02,2.404029301974591419e+02,-3.876418721927166189e-02,-1.612467335045875833e-02
3.130068700000000065e-02,2.373843612720084195e+02,8.962633332505938466e-02,2.371692266109985212e+02,2.151346610098983092e-01,9.070934879876259294e-02
3.150068500000000049e-02,2.340095351584575951e+02,5.642597464031124527e-02,2.339981551942083513e+02,1.137996424924381245e-02,4.863270926131419217e-03
3.170068300000000033e-02,2.307526714180230272e+02,6.610963284495649517e-02,2.308881246783111578e+02,-1.354532602881306502e-01,-5.866618756458489431e-02
3.190068100000000018e-02,2.279267205717934246e+02,7.279656349967410234e-02,2.278375938135260128e+02,8.912675826741178753e-02,3.911854789879746358e-02
3.210067900000000002e-02,2.247972416170254348e+02,5.848317374829811732e-02,2.248450694977924513e+02,-4.782788076701649516e-02,-2.127148301443455500e-02
3.230067699999999986e-02,2.219295641400628369e+02,5.310363232286378216e-02,2.219091049865733396e+02,2.045915348949733925e-02,9.219609754514230746e-03
3.250067499999999970e-02,2.189772419515421973e+02,6.299956218260001350e-02,2.190282981797509478e+02,-5.105622820875055368e-02,-2.331033415912769566e-02
3.270067299999999955e-02,2.163320413461119074e+02,7.702761105565465727e-02,2.162012899818438427e+02,1.307513642680646626e-01,6.047668091112911454e-02
3.290067099999999939e-02,2.133855096615370996e+02,6.297040118916970297e-02,2.134267627319853773e+02,-4.125307044827764003e-02,-1.932891166984617923e-02
3.310066899999999923e-02,2.107294880346083801e+02,5.997291276766285317e-02,2.107034387002950382e+02,2.604933431334188754e-02,1.236303236151475859e-02
3.330066699999999907e-02,2.080118576736808791e+02,5.700229013630198766e-02,2.080300786474522852e+02,-1.822097377140607932e-02,-8.758816941219873739e-03
3.350066499999999892e-02,2.054562575684647072e+02,5.298835279808974952e-02,2.054054804444616309e+02,5.077712400307632379e-02,2.472043291795500419e-02
3.370066299999999876e-02,2.028195629590095734e+02,5.558372830760996419e-02,2.028284777497477762e+02,-8.914790738202782450e-03,-4.395236229698454115e-03
3.390066099999999860e-02,2.002742986670294272e+02,4.938833925689860987e-02,2.002979387408850300e+02,-2.364007385560285002e-02,-1.180245488506238491e-02
3.410065899999999844e-02,1.978709599870243210e+02,5.241907301932853536e-02,1.978127648983898723e+02,5.819508863444866620e-02,2.941927871254498145e-02
3.430065699999999829e-02,1.953215026729483554e+02,5.308426405143801263e-02,1.953718898391599907e+02,-5.038716621163530363e-02,-2.579038686328753022e-02
3.450065499999999813e-02,1.929263511829751394e+02,5.889450427948256239e-02,1.929742781972501291e+02,-4.792701427498968769e-02,-2.483595986093065089e-02
3.470065299999999797e-02,1.906342762629837750e+02,4.753866414332181406e-02,1.906189245498101172e+02,1.535171317365779942e-02,8.053614408912628322e-03
3.490065099999999781e-02,1.883633130287234110e+02,4.492194923626849357e-02,1.883048523861117758e+02,5.846064261163519404e-02,3.104574410635150411e-02
3.510064899999999766e-02,1.859944792954831883e+02,3.741051982993930103e-02,1.860311131177047628e+02,-3.663382222157451906e-02,-1.969230931731066545e-02
3.530064699999999750e-02,1.837772621668969180e+02,4.607160537177234366e-02,1.837967851278353066e+02,-1.952296093838867819e-02,-1.062203613888565261e-02
3.550064499999999734e-02,1.815873727603558621e+02,5.080919995066605910e-02,1.816009728583630363e+02,-1.360009800717421058e-02,-7.489000633152666578e-03
3.570064299999999718e-02,1.794732590845240736e+02,4.542522023617539401e-02,1.794428059324918081e+02,3.045315203226550693e-02,1.697095176037443851e-02
3.590064100000000397e-02,1.773076715730187232e+02,4.190473054598484182e-02,1.773214383117228863e+02,-1.376673870416311729e-02,-7.763719285855231501e-03
3.610063900000000381e-02,1.752281788719687370e+02,4.166404807631077234e-02,1.752360474855125858e+02,-7.868613543848823610e-03,-4.490293896008668538e-03
3.630063700000000365e-02,1.731621747841675472e+02,4.614752804417109056e-02,1.731858336921937962e+02,-2.365890802624903699e-02,-1.366099496815566770e-02
3.650063500000000349e-02,1.711693953037711253e+02,6.378191546204413365e-02,1.711700191697918569e+02,-6.238660207316115702e-04,-3.644715492569808812e-04
3.670063300000000334e-02,1.691932642471896600e+02,1.047963536159770975e-01,1.691878474354312800e+02,5.416811758379935782e-03,3.201655343742820532e-03
3.690063099999999624e-02,1.673053552151778547e+02,7.479498715915043616e-02,1.672385825920955824e+02,6.677262308227227550e-02,3.992656601565112984e-02
3.710062899999999608e-02,1.653356516215527279e+02,1.025132486685678412e-01,1.653215086615586813e+02,1.414295999404657778e-02,8.554821516297451620e-03
3.730062699999999593e-02,1.633659494165910644e+02,8.112882684591649074e-02,1.634359289423674397e+02,-6.997952577637533977e-02,-4.281771225533419212e-02
3.750062499999999577e-02,1.615998230150457289e+02,5.817536729684416597e-02,1.615811653918067634e+02,1.865762323896547059e-02,1.154690473591022705e-02
3.770062299999999561e-02,1.598028567494883987e+02,5.791033564903636660e-02,1.597565580308278186e+02,4.629871866058010710e-02,2.898079379730124014e-02
3.790062099999999545e-02,1.579786147372863923e+02,7.587601177450303824e-02,1.579614643709729194e+02,1.715036631347288676e-02,1.085731028245927494e-02
3.810061899999999530e-02,1.561078750907354618e+02,9.086579272704863042e-02,1.561952588623709062e+02,-8.738377163544441828e-02,-5.594521387646043259e-02
3.830061699999999514e-02,1.545050399313885805e+02,4.747073710036910782e-02,1.544573323619248129e+02,4.770756946376764063e-02,3.088721573410263543e-02
3.850061499999999498e-02,1.529940698475223542e+02,4.502535810793084625e-01,1.527470916208515348e+02,2.469782266708193674e-01,1.616909520502479436e-01
3.870061299999999482e-02,1.509471552398459551e+02,1.277607183621698173e-01,1.510639587907749046e+02,-1.168035509289495621e-01,-7.732059444484945532e-02
3.890061099999999467e-02,1.494109392231889899e+02,1.029497218458439445e-01,1.494073709476071485e+02,3.568275581841362509e-03,2.388286173038044712e-03
3.910060899999999451e-02,1.478440704593114106e+02,8.506624369054667512e-02,1.477767796324931453e+02,6.729082681826525913e-02,4.553545353039305243e-02
3.930060700000000129e-02,1.456157346320852071e+02,4.149606398175851862e-01,1.461716504091207014e+02,-5.559157770354943295e-01,-3.803170967007202807e-01
3.950060500000000113e-02,1.459187576844033742e+02,1.104910077862515161e+00,1.445914624367356112e+02,1.327295247667763078e+00,9.179623923151799536e-01
3.970060300000000097e-02,1.419095144723614226e+02,1.480802798691258637e+00,1.430357080582269305e+02,-1.126193585865507885e+00,-7.873513552343568422e-01
3.990060100000000082e-02,1.306810713777846331e+02,2.797774459202547970e+00,1.415038924026802363e+02,-1.082282102489560316e+01,-7.648426372680194874e+00
4.010059900000000066e-02,0.000000000000000000e+00,0.000000000000000000e+00,1.399955330018196378e+02,-1.399955330018196378e+02,-1.000000000000000000e+02
4.030059700000000050e-02,0.000000000000000000e+00,0.000000000000000000e+00,1.385101594197871577e+02,-1.385101594197871577e+02,-1.000000000000000000e+02
4.050059500000000035e-02,0.000000000000000000e+00,0.000000000000000000e+00,1.370473128957347342e+02,-1.370473128957347342e+02,-1.000000000000000000e+02
4.070059300000000019e-02,0.000000000000000000e+00,0.000000000000000000e+00,1.356065459987219413e+02,-1.356065459987219413e+02,-1.000000000000000000e+02
4.090059100000000003e-02,0.000000000000000000e+00,0.000000000000000000e+00,1.341874222944399264e+02,-1.341874222944399264e+02,-1.000000000000000000e+02
4.110058899999999987e-02,0.000000000000000000e+00,0.000000000000000000e+00,1.327895160233014735e+02,-1.327895160233014735e+02,-1.000000000000000000e+02
4.130058699999999972e-02,0.000000000000000000e+00,0.000000000000000000e+00,1.314124117894545520e+02,-1.314124117894545520e+02,-1.000000000000000000e+02
4.150058499999999956e-02,0.000000000000000000e+00,0.000000000000000000e+00,1.300557042602999331e+02,-1.300557042602999331e+02,-1.000000000000000000e+02
4.170058299999999940e-02,0.000000000000000000e+00,0.000000000000000000e+00,1.287189978761100804e+02,-1.287189978761100804e+02,-1.000000000000000000e+02
4.190058099999999924e-02,0.000000000000000000e+00,0.000000000000000000e+00,1.274019065693614010e+02,-1.274019065693614010e+02,-1.000000000000000000e+02
4.210057899999999909e-02,0.000000000000000000e+00,0.000000000000000000e+00,1.261040534934126640e+02,-1.261040534934126640e+02,-1.000000000000000000e+02
4.230057699999999893e-02,0.000000000000000000e+00,0.000000000000000000e+00,1.248250707601743414e+02,-1.248250707601743414e+02,-1.000000000000000000e+02
4.250057499999999183e-02,0.000000000000000000e+00,0.000000000000000000e+00,1.235645991864321900e+02,-1.235645991864321900e+02,-1.000000000000000000e+02
4.270057299999999167e-02,0.000000000000000000e+00,0.000000000000000000e+00,1.223222880484977111e+02,-1.223222880484977111e+02,-1.000000000000000000e+02
4.290057099999999846e-02,0.000000000000000000e+00,0.000000000000000000e+00,1.210977948448786776e+02,-1.210977948448786776e+02,-1.000000000000000000e+02
4.310056899999999830e-02,0.000000000000000000e+00,0.000000000000000000e+00,1.198907850666681014e+02,-1.198907850666681014e+02,-1.000000000000000000e+02
4.330056699999999814e-02,0.000000000000000000e+00,0.000000000000000000e+00,1.187009319753681638e+02,-1.187009319753681638e+02,-1.000000000000000000e+02
4.350056499999999798e-02,0.000000000000000000e+00,0.000000000000000000e+00,1.175279163878765303e+02,-1.175279163878765303e+02,-1.000000000000000142e+02
4.370056299999999783e-02,0.000000000000000000e+00,0.000000000000000000e+00,1.163714264683696911e+02,-1.163714264683696911e+02,-9.999999999999998579e+01
4.390056099999999767e-02,0.000000000000000000e+00,0.000000000000000000e+00,1.152311575268346076e+02,-1.152311575268346076e+02,-1.000000000000000000e+02
4.410055899999999751e-02,0.000000000000000000e+00,0.000000000000000000e+00,1.141068118240062716e+02,-1.141068118240062716e+02,-1.000000000000000000e+02
4.430055699999999735e-02,0.000000000000000000e+00,0.000000000000000000e+00,1.129980983824791849e+02,-1.129980983824791849e+02,-1.000000000000000000e+02
4.450055499999999720e-02,0.000000000000000000e+00,0.000000000000000000e+00,1.119047328037711253e+02,-1.119047328037711253e+02,-1.000000000000000000e+02
4.470055299999999704e-02,0.000000000000000000e+00,0.000000000000000000e+00,1.108264370911265218e+02,-1.108264370911265218e+02,-1.000000000000000000e+02
4.490055099999999688e-02,0.000000000000000000e+00,0.000000000000000000e+00,1.097629394778539051e+02,-1.097629394778539051e+02,-1.000000000000000000e+02
4.510054899999999672e-02,0.000000000000000000e+00,0.000000000000000000e+00,1.087139742610008000e+02,-1.087139742610008000e+02,-1.000000000000000000e+02
4.530054699999999657e-02,0.000000000000000000e+00,0.000000000000000000e+00,1.076792816401788713e+02,-1.076792816401788713e+02,-1.000000000000000000e+02
4.550054499999999641e-02,0.000000000000000000e+00,0.000000000000000000e+00,1.066586075613566180e+02,-1.066586075613566180e+02,-1.000000000000000000e+02
4.570054299999999625e-02,0.000000000000000000e+00,0.000000000000000000e+00,1.056517035654454872e+02,-1.056517035654454872e+02,-1.000000000000000142e+02
4.590054099999999609e-02,0.000000000000000000e+00,0.000000000000000000e+00,1.046583266415138951e+02,-1.046583266415138951e+02,-9.999999999999998579e+01
4.610053899999999594e-02,0.000000000000000000e+00,0.000000000000000000e+00,1.036782390844666111e+02,-1.036782390844666111e+02,-1.000000000000000000e+02
4.630053699999999578e-02,0.000000000000000000e+00,0.000000000000000000e+00,1.027112083570352610e+02,-1.027112083570352610e+02,-1.000000000000000000e+02
4.650053500000000256e-02,0.000000000000000000e+00,0.000000000000000000e+00,1.017570069559329653e+02,-1.017570069559329653e+02,-9.999999999999998579e+01
4.670053300000000240e-02,0.000000000000000000e+00,0.000000000000000000e+00,1.008154122820288023e+02,-1.008154122820288023e+02,-1.000000000000000142e+02
4.690053100000000225e-02,0.000000000000000000e+00,0.000000000000000000e+00,9.988620651440452036e+01,-9.988620651440452036e+01,-9.999999999999998579e+01
4.710052900000000209e-02,0.000000000000000000e+00,0.000000000000000000e+00,9.896917648816376811e+01,-9.896917648816376811e+01,-1.000000000000000142e+02
4.730052700000000193e-02,0.000000000000000000e+00,0.000000000000000000e+00,9.806411357586449640e+01,-9.806411357586449640e+01,-1.000000000000000000e+02
4.750052500000000177e-02,0.000000000000000000e+00,0.000000000000000000e+00,9.717081357245261586e+01,-9.717081357245261586e+01,-9.999999999999998579e+01
4.770052300000000162e-02,0.000000000000000000e+00,0.000000000000000000e+00,9.628907658358130561e+01,-9.628907658358130561e+01,-1.000000000000000000e+02
4.790052100000000146e-02,0.000000000000000000e+00,0.000000000000000000e+00,9.541870691720012587e+01,-9.541870691720012587e+01,-1.000000000000000000e+02
4.810051900000000130e-02,0.000000000000000000e+00,0.000000000000000000e+00,9.455951297830686997e+01,-9.455951297830686997e+01,-1.000000000000000000e+02
4.830051699999999421e-02,0.000000000000000000e+00,0.000000000000000000e+00,9.371130716675675387e+01,-9.371130716675675387e+01,-1.000000000000000000e+02
4.850051499999999405e-02,0.000000000000000000e+00,0.000000000000000000e+00,9.287390577802757718e+01,-9.287390577802757718e+01,-1.000000000000000000e+02
4.870051299999999389e-02,0.000000000000000000e+00,0.000000000000000000e+00,9.204712890684416493e+01,-9.204712890684416493e+01,-1.000000000000000142e+02
4.890051099999999373e-02,0.000000000000000000e+00,0.000000000000000000e+00,9.123080035356839801e+01,-9.123080035356839801e+01,-1.000000000000000000e+02
4.910050899999999358e-02,0.000000000000000000e+00,0.000000000000000000e+00,9.042474753326433756e+01,-9.042474753326433756e+01,-1.000000000000000142e+02
4.930050699999999342e-02,0.000000000000000000e+00,0.000000000000000000e+00,8.962880138735107494e+01,-8.962880138735107494e+01,-9.999999999999998579e+01
4.950050499999999326e-02,0.000000000000000000e+00,0.000000000000000000e+00,8.884279629776138165e+01,-8.884279629776138165e+01,-1.000000000000000000e+02
4.970050299999999310e-02,0.000000000000000000e+00,0.000000000000000000e+00,8.806657000352269904e+01,-8.806657000352269904e+01,-1.000000000000000000e+02
4.990050099999999295e-02,0.000000000000000000e+00,0.000000000000000000e+00,8.729996351968515000e+01,-8.729996351968515000e+01,-1.000000000000000000e+02
5.010049899999999973e-02,0.000000000000000000e+00,0.000000000000000000e+00,8.654282105852016116e+01,-8.654282105852016116e+01,-1.000000000000000000e+02
5.030049699999999957e-02,0.000000000000000000e+00,0.000000000000000000e+00,8.579498995291766050e+01,-8.579498995291766050e+01,-1.000000000000000000e+02
5.050049499999999941e-02,0.000000000000000000e+00,0.000000000000000000e+00,8.505632058191174849e+01,-8.505632058191174849e+01,-1.000000000000000000e+02
5.070049299999999926e-02,0.000000000000000000e+00,0.000000000000000000e+00,8.432666629826927363e+01,-8.432666629826927363e+01,-9.999999999999998579e+01
5.090049099999999910e-02,0.000000000000000000e+00,0.000000000000000000e+00,8.360588335807362625e+01,-8.360588335807362625e+01,-1.000000000000000000e+02
5.110048899999999894e-02,0.000000000000000000e+00,0.000000000000000000e+00,8.289383085224339709e+01,-8.289383085224339709e+01,-9.999999999999998579e+01
5.130048699999999878e-02,0.000000000000000000e+00,0.000000000000000000e+00,8.219037063992477954e+01,-8.219037063992477954e+01,-1.000000000000000142e+02
5.150048499999999863e-02,0.000000000000000000e+00,0.000000000000000000e+00,8.149536728369919558e+01,-8.149536728369919558e+01,-1.000000000000000000e+02
5.170048299999999847e-02,0.000000000000000000e+00,0.000000000000000000e+00,8.080868798654978491e+01,-8.080868798654978491e+01,-1.000000000000000000e+02
5.190048099999999831e-02,0.000000000000000000e+00,0.000000000000000000e+00,8.013020253053340980e+01,-8.013020253053340980e+01,-1.000000000000000000e+02
5.210047899999999815e-02,0.000000000000000000e+00,0.000000000000000000e+00,7.945978321710460079e+01,-7.945978321710460079e+01,-1.000000000000000000e+02
5.230047699999999800e-02,0.000000000000000000e+00,0.000000000000000000e+00,7.879730480904086676e+01,-7.879730480904086676e+01,-1.000000000000000000e+02
5.250047499999999784e-02,0.000000000000000000e+00,0.000000000000000000e+00,7.814264447392193347e+01,-7.814264447392193347e+01,-1.000000000000000000e+02
5.270047299999999768e-02,0.000000000000000000e+00,0.000000000000000000e+00,7.749568172911394015e+01,-7.749568172911394015e+01,-1.000000000000000000e+02
5.290047099999999752e-02,0.000000000000000000e+00,0.000000000000000000e+00,7.685629838821326132e+01,-7.685629838821326132e+01,-1.000000000000000000e+02
5.310046899999999737e-02,0.000000000000000000e+00,0.000000000000000000e+00,7.622437850890756295e+01,-7.622437850890756295e+01,-1.000000000000000000e+02
5.330046699999999721e-02,0.000000000000000000e+00,0.000000000000000000e+00,7.559980834220914403e+01,-7.559980834220914403e+01,-1.000000000000000000e+02
5.350046499999999705e-02,0.000000000000000000e+00,0.000000000000000000e+00,7.498247628302090106e+01,-7.498247628302090106e+01,-1.000000000000000000e+02
5.370046300000000383e-02,0.000000000000000000e+00,0.000000000000000000e+00,7.437227282199501133e+01,-7.437227282199501133e+01,-1.000000000000000000e+02
5.390046100000000368e-02,0.000000000000000000e+00,0.000000000000000000e+00,7.376909049864546830e+01,-7.376909049864546830e+01,-1.000000000000000000e+02
5.410045900000000352e-02,0.000000000000000000e+00,0.000000000000000000e+00,7.317282385567739311e+01,-7.317282385567739311e+01,-1.000000000000000000e+02
5.430045699999999642e-02,0.000000000000000000e+00,0.000000000000000000e+00,7.258336939449787906e+01,-7.258336939449787906e+01,-1.000000000000000000e+02
5.450045499999999626e-02,0.000000000000000000e+00,0.000000000000000000e+00,7.200062553187240155e+01,-7.200062553187240155e+01,-1.000000000000000000e+02
5.470045299999999611e-02,0.000000000000000000e+00,0.000000000000000000e+00,7.142449255769443539e+01,-7.142449255769443539e+01,-1.000000000000000000e+02
5.490045099999999595e-02,0.000000000000000000e+00,0.000000000000000000e+00,7.085487259383506853e+01,-7.085487259383506853e+01,-1.000000000000000000e+02
5.510044899999999579e-02,0.000000000000000000e+00,0.000000000000000000e+00,7.029166955404156170e+01,-7.029166955404156170e+01,-1.000000000000000000e+02
5.530044699999999563e-02,0.000000000000000000e+00,0.000000000000000000e+00,6.973478910485364679e+01,-6.973478910485364679e+01,-1.000000000000000000e+02
5.550044499999999548e-02,0.000000000000000000e+00,0.000000000000000000e+00,6.918413862750992394e+01,-6.918413862750992394e+01,-1.000000000000000000e+02
5.570044299999999532e-02,0.000000000000000000e+00,0.000000000000000000e+00,6.863962718081361913e+01,-6.863962718081361913e+01,-1.000000000000000000e+02
5.590044099999999516e-02,0.000000000000000000e+00,0.000000000000000000e+00,6.810116546493182454e+01,-6.810116546493182454e+01,-1.000000000000000000e+02
5.610043899999999500e-02,0.000000000000000000e+00,0.000000000000000000e+00,6.756866578610126339e+01,-6.756866578610126339e+01,-1.000000000000000000e+02
5.630043699999999485e-02,0.000000000000000000e+00,0.000000000000000000e+00,6.704204202221393416e+01,-6.704204202221393416e+01,-1.000000000000000000e+02
5.650043499999999469e-02,0.000000000000000000e+00,0.000000000000000000e+00,6.652120958925864613e+01,-6.652120958925864613e+01,-1.000000000000000000e+02
5.670043299999999453e-02,0.000000000000000000e+00,0.000000000000000000e+00,6.600608540859401785e+01,-6.600608540859401785e+01,-1.000000000000000000e+02
5.690043099999999437e-02,0.000000000000000000e+00,0.000000000000000000e+00,6.549658787502900736e+01,-6.549658787502900736e+01,-1.000000000000000000e+02
5.710042899999999422e-02,0.000000000000000000e+00,0.000000000000000000e+00,6.499263682568857803e+01,-6.499263682568857803e+01,-1.000000000000000000e+02
5.730042700000000100e-02,0.000000000000000000e+00,0.000000000000000000e+00,6.449415350964336824e+01,-6.449415350964336824e+01,-1.000000000000000000e+02
5.750042500000000084e-02,0.000000000000000000e+00,0.000000000000000000e+00,6.400106055828038620e+01,-6.400106055828038620e+01,-1.000000000000000000e+02
5.770042300000000068e-02,0.000000000000000000e+00,0.000000000000000000e+00,6.351328195639534613e+01,-6.351328195639534613e+01,-1.000000000000000000e+02
5.790042100000000053e-02,0.000000000000000000e+00,0.000000000000000000e+00,6.303074301398687140e+01,-6.303074301398687140e+01,-1.000000000000000000e+02
5.810041900000000037e-02,0.000000000000000000e+00,0.000000000000000000e+00,6.255337033873197328e+01,-6.255337033873197328e+01,-1.000000000000000000e+02
5.830041700000000021e-02,0.000000000000000000e+00,0.000000000000000000e+00,6.208109180912520486e+01,-6.208109180912520486e+01,-1.000000000000000000e+02
5.850041500000000005e-02,0.000000000000000000e+00,0.000000000000000000e+00,6.161383654826286005e+01,-6.161383654826286005e+01,-1.000000000000000000e+02
5.870041299999999990e-02,0.000000000000000000e+00,0.000000000000000000e+00,6.115153489825461719e+01,-6.115153489825461719e+01,-1.000000000000000000e+02
5.890041099999999974e-02,0.000000000000000000e+00,0.000000000000000000e+00,6.069411839524505581e+01,-6.069411839524505581e+01,-1.000000000000000000e+02
5.910040899999999958e-02,0.000000000000000000e+00,0.000000000000000000e+00,6.024151974503008233e+01,-6.024151974503008233e+01,-1.000000000000000000e+02
5.930040699999999942e-02,0.000000000000000000e+00,0.000000000000000000e+00,5.979367279925008205e+01,-5.979367279925008205e+01,-1.000000000000000000e+02
5.950040499999999927e-02,0.000000000000000000e+00,0.000000000000000000e+00,5.935051253214542299e+01,-5.935051253214542299e+01,-1.000000000000000000e+02
5.970040299999999911e-02,0.000000000000000000e+00,0.000000000000000000e+00,5.891197501785974566e+01,-5.891197501785974566e+01,-1.000000000000000000e+02
5.990040099999999201e-02,0.000000000000000000e+00,0.000000000000000000e+00,5.847799740827484527e+01,-5.847799740827484527e+01,-1.000000000000000000e+02
6.010039899999999186e-02,0.000000000000000000e+00,0.000000000000000000e+00,5.804851791136402284e+01,-5.804851791136402284e+01,-1.000000000000000000e+02
6.030039699999999170e-02,0.000000000000000000e+00,0.000000000000000000e+00,5.762347577005031241e+01,-5.762347577005031241e+01,-1.000000000000000000e+02
6.050039499999999154e-02,0.000000000000000000e+00,0.000000000000000000e+00,5.720281124155518881e+01,-5.720281124155518881e+01,-1.000000000000000000e+02
6.070039299999999138e-02,0.000000000000000000e+00,0.000000000000000000e+00,5.678646557722555599e+01,-5.678646557722555599e+01,-1.000000000000000000e+02
6.090039099999999817e-02,0.000000000000000000e+00,0.000000000000000000e+00,5.637438100282657416e+01,-5.637438100282657416e+01,-1.000000000000000000e+02
6.110038899999999801e-02,0.000000000000000000e+00,0.000000000000000000e+00,5.596650069928727333e+01,-5.596650069928727333e+01,-1.000000000000000000e+02
6.130038699999999785e-02,0.000000000000000000e+00,0.000000000000000000e+00,5.556276878388782592e+01,-5.556276878388782592e+01,-1.000000000000000000e+02
6.150038499999999769e-02,0.000000000000000000e+00,0.000000000000000000e+00,5.516313029187688954e+01,-5.516313029187688954e+01,-1.000000000000000000e+02
6.170038299999999754e-02,0.000000000000000000e+00,0.000000000000000000e+00,5.476753115850740983e+01,-5.476753115850740983e+01,-1.000000000000000000e+02
6.190038099999999738e-02,0.000000000000000000e+00,0.000000000000000000e+00,5.437591820148031019e+01,-5.437591820148031019e+01,-1.000000000000000000e+02
6.210037899999999722e-02,0.000000000000000000e+00,0.000000000000000000e+00,5.398823910378600033e+01,-5.398823910378600033e+01,-1.000000000000000000e+02
6.230037699999999706e-02,0.000000000000000000e+00,0.000000000000000000e+00,5.360444239693227075e+01,-5.360444239693227075e+01,-1.000000000000000000e+02
6.250037499999999691e-02,0.000000000000000000e+00,0.000000000000000000e+00,5.322447744454986207e+01,-5.322447744454986207e+01,-1.000000000000000142e+02
6.270037300000000369e-02,0.000000000000000000e+00,0.000000000000000000e+00,5.284829442636568331e+01,-5.284829442636568331e+01,-1.000000000000000000e+02
6.290037099999999659e-02,0.000000000000000000e+00,0.000000000000000000e+00,5.247584432253372455e+01,-5.247584432253372455e+01,-1.000000000000000000e+02
6.310036899999998949e-02,0.000000000000000000e+00,0.000000000000000000e+00,5.210707889831522266e+01,-5.210707889831522266e+01,-1.000000000000000000e+02
6.330036699999999628e-02,0.000000000000000000e+00,0.000000000000000000e+00,5.174195068909940431e+01,-5.174195068909940431e+01,-1.000000000000000000e+02
6.350036499999998918e-02,0.000000000000000000e+00,0.000000000000000000e+00,5.138041298575525673e+01,-5.138041298575525673e+01,-1.000000000000000000e+02
6.370036299999999596e-02,0.000000000000000000e+00,0.000000000000000000e+00,5.102241982030679424e+01,-5.102241982030679424e+01,-1.000000000000000000e+02
6.390036099999998886e-02,0.000000000000000000e+00,0.000000000000000000e+00,5.066792595192382009e+01,-5.066792595192382009e+01,-1.000000000000000000e+02
6.410035899999999565e-02,0.000000000000000000e+00,0.000000000000000000e+00,5.031688685321933718e+01,-5.031688685321933718e+01,-1.000000000000000000e+02
6.430035700000000243e-02,0.000000000000000000e+00,0.000000000000000000e+00,4.996925869684691435e+01,-4.996925869684691435e+01,-1.000000000000000142e+02
6.450035499999999533e-02,0.000000000000000000e+00,0.000000000000000000e+00,4.962499834239034158e+01,-4.962499834239034158e+01,-1.000000000000000000e+02
6.470035300000000211e-02,0.000000000000000000e+00,0.000000000000000000e+00,4.928406332353769415e+01,-4.928406332353769415e+01,-1.000000000000000000e+02
6.490035099999999502e-02,0.000000000000000000e+00,0.000000000000000000e+00,4.894641183553370212e+01,-4.894641183553370212e+01,-1.000000000000000000e+02
6.510034900000000180e-02,0.000000000000000000e+00,0.000000000000000000e+00,4.861200272290287216e+01,-4.861200272290287216e+01,-1.000000000000000000e+02
6.530034699999999470e-02,0.000000000000000000e+00,0.000000000000000000e+00,4.828079546743720840e+01,-4.828079546743720840e+01,-1.000000000000000000e+02
6.550034500000000148e-02,0.000000000000000000e+00,0.000000000000000000e+00,4.795275017644133442e+01,-4.795275017644133442e+01,-1.000000000000000000e+02
6.570034299999999439e-02,0.000000000000000000e+00,0.000000000000000000e+00,4.762782757122981536e+01,-4.762782757122981536e+01,-1.000000000000000000e+02
6.590034100000000117e-02,0.000000000000000000e+00,0.000000000000000000e+00,4.730598897586941121e+01,-4.730598897586941121e+01,-1.000000000000000000e+02
6.610033900000000795e-02,0.000000000000000000e+00,0.000000000000000000e+00,4.698719630616101028e+01,-4.698719630616101028e+01,-1.000000000000000000e+02
6.630033700000000085e-02,0.000000000000000000e+00,0.000000000000000000e+00,4.667141205885542377e+01,-4.667141205885542377e+01,-1.000000000000000000e+02
6.650033500000000763e-02,0.000000000000000000e+00,0.000000000000000000e+00,4.635859930109687355e+01,-4.635859930109687355e+01,-1.000000000000000000e+02
6.670033300000000054e-02,0.000000000000000000e+00,0.000000000000000000e+00,4.604872166008933476e+01,-4.604872166008933476e+01,-1.000000000000000000e+02
6.690033100000000732e-02,0.000000000000000000e+00,0.000000000000000000e+00,4.574174331297999885e+01,-4.574174331297999885e+01,-1.000000000000000000e+02
6.710032900000000022e-02,0.000000000000000000e+00,0.000000000000000000e+00,4.543762897695487624e+01,-4.543762897695487624e+01,-1.000000000000000000e+02
6.730032700000000701e-02,0.000000000000000000e+00,0.000000000000000000e+00,4.513634389954105330e+01,-4.513634389954105330e+01,-1.000000000000000000e+02
6.750032499999999991e-02,0.000000000000000000e+00,0.000000000000000000e+00,4.483785384911151795e+01,-4.483785384911151795e+01,-1.000000000000000000e+02
6.770032300000000669e-02,0.000000000000000000e+00,0.000000000000000000e+00,4.454212510558678417e+01,-4.454212510558678417e+01,-1.000000000000000000e+02
6.790032099999999959e-02,0.000000000000000000e+00,0.000000000000000000e+00,4.424912445132938643e+01,-4.424912445132938643e+01,-1.000000000000000000e+02
6.810031900000000638e-02,0.000000000000000000e+00,0.000000000000000000e+00,4.395881916222632668e+01,-4.395881916222632668e+01,-1.000000000000000000e+02
6.830031699999999928e-02,0.000000000000000000e+00,0.000000000000000000e+00,4.367117699895526073e+01,-4.367117699895526073e+01,-1.000000000000000000e+02
6.850031500000000606e-02,0.000000000000000000e+00,0.000000000000000000e+00,4.338616619842977684e+01,-4.338616619842977684e+01,-9.999999999999998579e+01
6.870031299999998509e-02,0.000000000000000000e+00,0.000000000000000000e+00,4.310375546542038450e+01,-4.310375546542038450e+01,-9.999999999999998579e+01
6.890031099999999187e-02,0.000000000000000000e+00,0.000000000000000000e+00,4.282391396434580599e+01,-4.282391396434580599e+01,-9.999999999999998579e+01
6.910030899999998477e-02,0.000000000000000000e+00,0.000000000000000000e+00,4.254661131123199169e+01,-4.254661131123199169e+01,-1.000000000000000000e+02
6.930030699999999155e-02,0.000000000000000000e+00,0.000000000000000000e+00,4.227181756583412664e+01,-4.227181756583412664e+01,-1.000000000000000000e+02
6.950030499999998446e-02,0.000000000000000000e+00,0.000000000000000000e+00,4.199950322391811852e+01,-4.199950322391811852e+01,-1.000000000000000000e+02
6.970030299999999124e-02,0.000000000000000000e+00,0.000000000000000000e+00,4.172963920969764473e+01,-4.172963920969764473e+01,-1.000000000000000000e+02
6.990030099999999802e-02,0.000000000000000000e+00,0.000000000000000000e+00,4.146219686842402297e+01,-4.146219686842402297e+01,-1.000000000000000000e+02
7.010029899999999092e-02,0.000000000000000000e+00,0.000000000000000000e+00,4.119714795912411631e+01,-4.119714795912411631e+01,-9.999999999999998579e+01
7.030029699999999770e-02,0.000000000000000000e+00,0.000000000000000000e+00,4.093446464748383562e+01,-4.093446464748383562e+01,-1.000000000000000000e+02
7.050029499999999061e-02,0.000000000000000000e+00,0.000000000000000000e+00,4.067411949887389255e+01,-4.067411949887389255e+01,-1.000000000000000000e+02
7.070029299999999739e-02,0.000000000000000000e+00,0.000000000000000000e+00,4.041608547151402320e+01,-4.041608547151402320e+01,-1.000000000000000000e+02
7.090029099999999029e-02,0.000000000000000000e+00,0.000000000000000000e+00,4.016033590977288270e+01,-4.016033590977288270e+01,-1.000000000000000000e+02
7.110028899999999707e-02,0.000000000000000000e+00,0.000000000000000000e+00,3.990684453760078299e+01,-3.990684453760078299e+01,-1.000000000000000000e+02
7.130028699999998998e-02,0.000000000000000000e+00,0.000000000000000000e+00,3.965558545209184871e+01,-3.965558545209184871e+01,-1.000000000000000000e+02
7.150028499999999676e-02,0.000000000000000000e+00,0.000000000000000000e+00,3.940653311717268537e+01,-3.940653311717268537e+01,-1.000000000000000000e+02
7.170028299999998966e-02,0.000000000000000000e+00,0.000000000000000000e+00,3.915966235741541368e+01,-3.915966235741541368e+01,-1.000000000000000000e+02
7.190028099999999645e-02,0.000000000000000000e+00,0.000000000000000000e+00,3.891494835197129021e+01,-3.891494835197129021e+01,-1.000000000000000000e+02
7.210027899999998935e-02,0.000000000000000000e+00,0.000000000000000000e+00,3.867236662862289620e+01,-3.867236662862289620e+01,-1.000000000000000000e+02
7.230027699999999613e-02,0.000000000000000000e+00,0.000000000000000000e+00,3.843189305795225863e+01,-3.843189305795225863e+01,-1.000000000000000000e+02
7.250027499999998903e-02,0.000000000000000000e+00,0.000000000000000000e+00,3.819350384762195461e+01,-3.819350384762195461e+01,-1.000000000000000000e+02
7.270027299999999582e-02,0.000000000000000000e+00,0.000000000000000000e+00,3.795717553676689704e+01,-3.795717553676689704e+01,-1.000000000000000000e+02
7.290027099999998872e-02,0.000000000000000000e+00,0.000000000000000000e+00,3.772288499049462018e+01,-3.772288499049462018e+01,-1.000000000000000000e+02
7.310026899999999550e-02,0.000000000000000000e+00,0.000000000000000000e+00,3.749060939449125129e+01,-3.749060939449125129e+01,-1.000000000000000000e+02
7.330026700000000228e-02,0.000000000000000000e+00,0.000000000000000000e+00,3.726032624973105811e+01,-3.726032624973105811e+01,-1.000000000000000000e+02
7.350026499999999519e-02,0.000000000000000000e+00,0.000000000000000000e+00,3.703201336728736948e+01,-3.703201336728736948e+01,-1.000000000000000000e+02
7.370026300000000197e-02,0.000000000000000000e+00,0.000000000000000000e+00,3.680564886324262375e+01,-3.680564886324262375e+01,-1.000000000000000000e+02
7.390026099999999487e-02,0.000000000000000000e+00,0.000000000000000000e+00,3.658121115369519316e+01,-3.658121115369519316e+01,-1.000000000000000000e+02
7.410025900000000165e-02,0.000000000000000000e+00,0.000000000000000000e+00,3.635867894986119353e+01,-3.635867894986119353e+01,-1.000000000000000000e+02
7.430025699999999456e-02,0.000000000000000000e+00,0.000000000000000000e+00,3.613803125326916188e+01,-3.613803125326916188e+01,-1.000000000000000000e+02
7.450025500000000134e-02,0.000000000000000000e+00,0.000000000000000000e+00,3.591924735104514355e+01,-3.591924735104514355e+01,-1.000000000000000000e+02
7.470025299999999424e-02,0.000000000000000000e+00,0.000000000000000000e+00,3.570230681128720107e+01,-3.570230681128720107e+01,-1.000000000000000000e+02
7.490025100000000102e-02,0.000000000000000000e+00,0.000000000000000000e+00,3.548718947852636063e+01,-3.548718947852636063e+01,-1.000000000000000000e+02
7.510024899999999393e-02,0.000000000000000000e+00,0.000000000000000000e+00,3.527387546927277384e+01,-3.527387546927277384e+01,-1.000000000000000000e+02
7.530024700000000071e-02,0.000000000000000000e+00,0.000000000000000000e+00,3.506234516764534703e+01,-3.506234516764534703e+01,-1.000000000000000000e+02
7.550024499999999361e-02,0.000000000000000000e+00,0.000000000000000000e+00,3.485257922108263529e+01,-3.485257922108263529e+01,-1.000000000000000000e+02
7.570024300000000039e-02,0.000000000000000000e+00,0.000000000000000000e+00,3.464455853613340253e+01,-3.464455853613340253e+01,-1.000000000000000000e+02
7.590024099999999330e-02,0.000000000000000000e+00,0.000000000000000000e+00,3.443826427432570370e+01,-3.443826427432570370e+01,-1.000000000000000000e+02
7.610023900000000008e-02,0.000000000000000000e+00,0.000000000000000000e+00,3.423367784811188130e+01,-3.423367784811188130e+01,-1.000000000000000000e+02
7.630023699999999298e-02,0.000000000000000000e+00,0.000000000000000000e+00,3.403078091688863083e+01,-3.403078091688863083e+01,-1.000000000000000000e+02
7.650023499999999976e-02,0.000000000000000000e+00,0.000000000000000000e+00,3.382955538309037280e+01,-3.382955538309037280e+01,-1.000000000000000000e+02
7.670023299999999267e-02,0.000000000000000000e+00,0.000000000000000000e+00,3.362998338835420498e+01,-3.362998338835420498e+01,-1.000000000000000000e+02
7.690023099999999945e-02,0.000000000000000000e+00,0.000000000000000000e+00,3.343204730975509165e+01,-3.343204730975509165e+01,-1.000000000000000000e+02
7.710022900000000623e-02,0.000000000000000000e+00,0.000000000000000000e+00,3.323572975610972691e+01,-3.323572975610972691e+01,-1.000000000000000000e+02
7.730022699999999913e-02,0.000000000000000000e+00,0.000000000000000000e+00,3.304101356434809844e+01,-3.304101356434809844e+01,-1.000000000000000000e+02
7.750022500000000591e-02,0.000000000000000000e+00,0.000000000000000000e+00,3.284788179595034308e+01,-3.284788179595034308e+01,-1.000000000000000000e+02
7.770022299999999882e-02,0.000000000000000000e+00,0.000000000000000000e+00,3.265631773344883015e+01,-3.265631773344883015e+01,-1.000000000000000000e+02
7.790022100000000560e-02,0.000000000000000000e+00,0.000000000000000000e+00,3.246630487699298584e+01,-3.246630487699298584e+01,-1.000000000000000000e+02
7.810021899999999850e-02,0.000000000000000000e+00,0.000000000000000000e+00,3.227782694097633254e+01,-3.227782694097633254e+01,-1.000000000000000000e+02
7.830021700000000529e-02,0.000000000000000000e+00,0.000000000000000000e+00,3.209086785072393866e+01,-3.209086785072393866e+01,-1.000000000000000000e+02
7.850021499999999819e-02,0.000000000000000000e+00,0.000000000000000000e+00,3.190541173923972451e+01,-3.190541173923972451e+01,-1.000000000000000000e+02
7.870021300000000497e-02,0.000000000000000000e+00,0.000000000000000000e+00,3.172144294401134346e+01,-3.172144294401134346e+01,-1.000000000000000000e+02
7.890021099999999787e-02,0.000000000000000000e+00,0.000000000000000000e+00,3.153894600387279823e+01,-3.153894600387279823e+01,-1.000000000000000000e+02
7.910020900000000466e-02,0.000000000000000000e+00,0.000000000000000000e+00,3.135790565592224510e+01,-3.135790565592224510e+01,-1.000000000000000000e+02
7.930020699999999756e-02,0.000000000000000000e+00,0.000000000000000000e+00,3.117830683249511381e+01,-3.117830683249511381e+01,-1.000000000000000000e+02
7.950020500000000434e-02,0.000000000000000000e+00,0.000000000000000000e+00,3.100013465819031211e+01,-3.100013465819031211e+01,-1.000000000000000000e+02
7.970020299999999724e-02,0.000000000000000000e+00,0.000000000000000000e+00,3.082337444694952566e+01,-3.082337444694952566e+01,-1.000000000000000000e+02
7.990020100000000403e-02,0.000000000000000000e+00,0.000000000000000000e+00,3.064801169918753843e+01,-3.064801169918753843e+01,-1.000000000000000000e+02
8.010019899999998305e-02,0.000000000000000000e+00,0.000000000000000000e+00,3.047403209897331422e+01,-3.047403209897331422e+01,-1.000000000000000000e+02
8.030019699999998983e-02,0.000000000000000000e+00,0.000000000000000000e+00,3.030142151126033667e+01,-3.030142151126033667e+01,-1.000000000000000000e+02
8.050019499999999661e-02,0.000000000000000000e+00,0.000000000000000000e+00,3.013016597916558581e+01,-3.013016597916558581e+01,-1.000000000000000000e+02
8.070019299999998952e-02,0.000000000000000000e+00,0.000000000000000000e+00,2.996025172129577285e+01,-2.996025172129577285e+01,-1.000000000000000000e+02
8.090019099999999630e-02,0.000000000000000000e+00,0.000000000000000000e+00,2.979166512912039622e+01,-2.979166512912039622e+01,-1.000000000000000000e+02
8.110018899999998920e-02,0.000000000000000000e+00,0.000000000000000000e+00,2.962439276439021540e+01,-2.962439276439021540e+01,-1.000000000000000000e+02
8.130018699999999598e-02,0.000000000000000000e+00,0.000000000000000000e+00,2.945842135660058503e+01,-2.945842135660058503e+01,-1.000000000000000000e+02
8.150018499999998889e-02,0.000000000000000000e+00,0.000000000000000000e+00,2.929373780049856180e+01,-2.929373780049856180e+01,-1.000000000000000000e+02
8.170018299999999567e-02,0.000000000000000000e+00,0.000000000000000000e+00,2.913032915363298869e+01,-2.913032915363298869e+01,-1.000000000000000000e+02
8.190018099999998857e-02,0.000000000000000000e+00,0.000000000000000000e+00,2.896818263394678894e+01,-2.896818263394678894e+01,-1.000000000000000000e+02
8.210017899999999536e-02,0.000000000000000000e+00,0.000000000000000000e+00,2.880728561741049987e+01,-2.880728561741049987e+01,-1.000000000000000000e+02
8.230017699999998826e-02,0.000000000000000000e+00,0.000000000000000000e+00,2.864762563569640363e+01,-2.864762563569640363e+01,-1.000000000000000000e+02
8.250017499999999504e-02,0.000000000000000000e+00,0.000000000000000000e+00,2.848919037389219611e+01,-2.848919037389219611e+01,-1.000000000000000000e+02
8.270017299999998794e-02,0.000000000000000000e+00,0.000000000000000000e+00,2.833196766825391677e+01,-2.833196766825391677e+01,-1.000000000000000000e+02
8.290017099999999473e-02,0.000000000000000000e+00,0.000000000000000000e+00,2.817594550399673992e+01,-2.817594550399673992e+01,-1.000000000000000000e+02
8.310016899999998763e-02,0.000000000000000000e+00,0.000000000000000000e+00,2.802111201312336419e+01,-2.802111201312336419e+01,-1.000000000000000000e+02
8.330016699999999441e-02,0.000000000000000000e+00,0.000000000000000000e+00,2.786745547228921893e+01,-2.786745547228921893e+01,-1.000000000000000000e+02
8.350016499999998731e-02,0.000000000000000000e+00,0.000000000000000000e+00,2.771496430070361683e+01,-2.771496430070361683e+01,-1.000000000000000000e+02
8.370016299999999410e-02,0.000000000000000000e+00,0.000000000000000000e+00,2.756362705806605007e+01,-2.756362705806605007e+01,-1.000000000000000000e+02
8.390016099999998700e-02,0.000000000000000000e+00,0.000000000000000000e+00,2.741343244253756595e+01,-2.741343244253756595e+01,-1.000000000000000000e+02
8.410015899999999378e-02,0.000000000000000000e+00,0.000000000000000000e+00,2.726436928874574761e+01,-2.726436928874574761e+01,-1.000000000000000000e+02
8.430015700000000056e-02,0.000000000000000000e+00,0.000000000000000000e+00,2.711642656582317557e+01,-2.711642656582317557e+01,-1.000000000000000000e+02
8.450015499999999347e-02,0.000000000000000000e+00,0.000000000000000000e+00,2.696959337547875535e+01,-2.696959337547875535e+01,-1.000000000000000142e+02
8.470015300000000025e-02,0.000000000000000000e+00,0.000000000000000000e+00,2.682385895010083132e+01,-2.682385895010083132e+01,-1.000000000000000000e+02
8.490015099999999315e-02,0.000000000000000000e+00,0.000000000000000000e+00,2.667921265089199068e+01,-2.667921265089199068e+01,-1.000000000000000000e+02
8.510014899999999993e-02,0.000000000000000000e+00,0.000000000000000000e+00,2.653564396603475473e+01,-2.653564396603475473e+01,-1.000000000000000000e+02
8.530014699999999284e-02,0.000000000000000000e+00,0.000000000000000000e+00,2.639314250888753932e+01,-2.639314250888753932e+01,-1.000000000000000000e+02
8.550014499999999962e-02,0.000000000000000000e+00,0.000000000000000000e+00,2.625169801621020582e+01,-2.625169801621020582e+01,-1.000000000000000000e+02
8.570014299999999252e-02,0.000000000000000000e+00,0.000000000000000000e+00,2.611130034641913511e+01,-2.611130034641913511e+01,-1.000000000000000000e+02
8.590014099999999930e-02,0.000000000000000000e+00,0.000000000000000000e+00,2.597193947787057411e+01,-2.597193947787057411e+01,-1.000000000000000000e+02
8.610013899999999221e-02,0.000000000000000000e+00,0.000000000000000000e+00,2.583360550717226545e+01,-2.583360550717226545e+01,-1.000000000000000000e+02
8.630013699999999899e-02,0.000000000000000000e+00,0.000000000000000000e+00,2.569628864752263908e+01,-2.569628864752263908e+01,-1.000000000000000000e+02
8.650013499999999189e-02,0.000000000000000000e+00,0.000000000000000000e+00,2.555997922707711822e+01,-2.555997922707711822e+01,-1.000000000000000000e+02
8.670013299999999867e-02,0.000000000000000000e+00,0.000000000000000000e+00,2.542466768734071536e+01,-2.542466768734071536e+01,-1.000000000000000000e+02
8.690013099999999158e-02,0.000000000000000000e+00,0.000000000000000000e+00,2.529034458158710308e+01,-2.529034458158710308e+01,-9.999999999999998579e+01
8.710012899999999836e-02,0.000000000000000000e+00,0.000000000000000000e+00,2.515700057330300154e+01,-2.515700057330300154e+01,-1.000000000000000000e+02
8.730012699999999126e-02,0.000000000000000000e+00,0.000000000000000000e+00,2.502462643465767300e+01,-2.502462643465767300e+01,-9.999999999999998579e+01
8.750012499999999804e-02,0.000000000000000000e+00,0.000000000000000000e+00,2.489321304499723908e+01,-2.489321304499723908e+01,-1.000000000000000000e+02
8.770012300000000482e-02,0.000000000000000000e+00,0.000000000000000000e+00,2.476275138936307485e+01,-2.476275138936307485e+01,-1.000000000000000000e+02
8.790012099999999773e-02,0.000000000000000000e+00,0.000000000000000000e+00,2.463323255703398829e+01,-2.463323255703398829e+01,-1.000000000000000000e+02
8.810011900000000451e-02,0.000000000000000000e+00,0.000000000000000000e+00,2.450464774009174462e+01,-2.450464774009174462e+01,-1.000000000000000000e+02
8.830011699999999741e-02,0.000000000000000000e+00,0.000000000000000000e+00,2.437698823200951637e+01,-2.437698823200951637e+01,-1.000000000000000000e+02
8.850011500000000420e-02,0.000000000000000000e+00,0.000000000000000000e+00,2.425024542626270119e+01,-2.425024542626270119e+01,-1.000000000000000000e+02
8.870011299999999710e-02,0.000000000000000000e+00,0.000000000000000000e+00,2.412441081496198336e+01,-2.412441081496198336e+01,-1.000000000000000000e+02
8.890011100000000388e-02,0.000000000000000000e+00,0.000000000000000000e+00,2.399947598750801347e+01,-2.399947598750801347e+01,-1.000000000000000000e+02
8.910010899999999678e-02,0.000000000000000000e+00,0.000000000000000000e+00,2.387543262926724807e+01,-2.387543262926724807e+01,-1.000000000000000000e+02
8.930010700000000357e-02,0.000000000000000000e+00,0.000000000000000000e+00,2.375227252026889602e+01,-2.375227252026889602e+01,-1.000000000000000142e+02
8.950010499999999647e-02,0.000000000000000000e+00,0.000000000000000000e+00,2.362998753392232487e+01,-2.362998753392232487e+01,-1.000000000000000000e+02
8.970010300000000325e-02,0.000000000000000000e+00,0.000000000000000000e+00,2.350856963575447267e+01,-2.350856963575447267e+01,-1.000000000000000142e+02
8.990010099999999615e-02,0.000000000000000000e+00,0.000000000000000000e+00,2.338801088216733959e+01,-2.338801088216733959e+01,-1.000000000000000000e+02
9.010009900000000294e-02,0.000000000000000000e+00,0.000000000000000000e+00,2.326830341921472467e+01,-2.326830341921472467e+01,-1.000000000000000000e+02
9.030009699999999584e-02,0.000000000000000000e+00,0.000000000000000000e+00,2.314943948139804064e+01,-2.314943948139804064e+01,-1.000000000000000000e+02
9.050009500000000262e-02,0.000000000000000000e+00,0.000000000000000000e+00,2.303141139048114994e+01,-2.303141139048114994e+01,-1.000000000000000000e+02
9.070009299999999552e-02,0.000000000000000000e+00,0.000000000000000000e+00,2.291421155432328050e+01,-2.291421155432328050e+01,-9.999999999999998579e+01
9.090009100000000231e-02,0.000000000000000000e+00,0.000000000000000000e+00,2.279783246573022382e+01,-2.279783246573022382e+01,-1.000000000000000142e+02
9.110008900000000909e-02,0.000000000000000000e+00,0.000000000000000000e+00,2.268226670132343514e+01,-2.268226670132343514e+01,-9.999999999999998579e+01
9.130008700000000199e-02,0.000000000000000000e+00,0.000000000000000000e+00,2.256750692042639272e+01,-2.256750692042639272e+01,-1.000000000000000142e+02
9.150008500000000877e-02,0.000000000000000000e+00,0.000000000000000000e+00,2.245354586396809182e+01,-2.245354586396809182e+01,-1.000000000000000000e+02
9.170008299999998780e-02,0.000000000000000000e+00,0.000000000000000000e+00,2.234037635340371608e+01,-2.234037635340371608e+01,-1.000000000000000000e+02
9.190008099999999458e-02,0.000000000000000000e+00,0.000000000000000000e+00,2.222799128965151993e+01,-2.222799128965151993e+01,-9.999999999999998579e+01
9.210007899999998748e-02,0.000000000000000000e+00,0.000000000000000000e+00,2.211638365204616008e+01,-2.211638365204616008e+01,-1.000000000000000000e+02
9.230007699999999426e-02,0.000000000000000000e+00,0.000000000000000000e+00,2.200554649730807100e+01,-2.200554649730807100e+01,-9.999999999999998579e+01
9.250007499999998717e-02,0.000000000000000000e+00,0.000000000000000000e+00,2.189547295852839781e+01,-2.189547295852839781e+01,-1.000000000000000000e+02
9.270007299999999395e-02,0.000000000000000000e+00,0.000000000000000000e+00,2.178615624416947227e+01,-2.178615624416947227e+01,-1.000000000000000142e+02
9.290007099999998685e-02,0.000000000000000000e+00,0.000000000000000000e+00,2.167758963708048014e+01,-2.167758963708048014e+01,-1.000000000000000142e+02
9.310006899999999364e-02,0.000000000000000000e+00,0.000000000000000000e+00,2.156976649352802866e+01,-2.156976649352802866e+01,-1.000000000000000000e+02
9.330006699999998654e-02,0.000000000000000000e+00,0.000000000000000000e+00,2.146268024224125526e+01,-2.146268024224125526e+01,-1.000000000000000000e+02
9.350006499999999332e-02,0.000000000000000000e+00,0.000000000000000000e+00,2.135632438347153794e+01,-2.135632438347153794e+01,-1.000000000000000000e+02
9.370006299999998622e-02,0.000000000000000000e+00,0.000000000000000000e+00,2.125069248806623534e+01,-2.125069248806623534e+01,-9.999999999999998579e+01
9.390006099999999301e-02,0.000000000000000000e+00,0.000000000000000000e+00,2.114577819655632140e+01,-2.114577819655632140e+01,-1.000000000000000000e+02
9.410005899999998591e-02,0.000000000000000000e+00,0.000000000000000000e+00,2.104157521825780464e+01,-2.104157521825780464e+01,-1.000000000000000000e+02
9.430005699999999269e-02,0.000000000000000000e+00,0.000000000000000000e+00,2.093807733038652330e+01,-2.093807733038652330e+01,-1.000000000000000000e+02
9.450005499999998559e-02,0.000000000000000000e+00,0.000000000000000000e+00,2.083527837718611053e+01,-2.083527837718611053e+01,-1.000000000000000000e+02
9.470005299999999238e-02,0.000000000000000000e+00,0.000000000000000000e+00,2.073317226906903343e+01,-2.073317226906903343e+01,-1.000000000000000000e+02
9.490005099999999916e-02,0.000000000000000000e+00,0.000000000000000000e+00,2.063175298177041483e+01,-2.063175298177041483e+01,-1.000000000000000000e+02
9.510004899999999206e-02,0.000000000000000000e+00,0.000000000000000000e+00,2.053101455551425403e+01,-2.053101455551425403e+01,-1.000000000000000000e+02
9.530004699999999884e-02,0.000000000000000000e+00,0.000000000000000000e+00,2.043095109419220634e+01,-2.043095109419220634e+01,-1.000000000000000000e+02
9.550004499999999175e-02,0.000000000000000000e+00,0.000000000000000000e+00,2.033155676455433891e+01,-2.033155676455433891e+01,-1.000000000000000000e+02
9.570004299999999853e-02,0.000000000000000000e+00,0.000000000000000000e+00,2.023282579541183068e+01,-2.023282579541183068e+01,-1.000000000000000000e+02
9.590004099999999143e-02,0.000000000000000000e+00,0.000000000000000000e+00,2.013475247685151359e+01,-2.013475247685151359e+01,-1.000000000000000000e+02
9.610003899999999821e-02,0.000000000000000000e+00,0.000000000000000000e+00,2.003733115946184284e+01,-2.003733115946184284e+01,-1.000000000000000000e+02
9.630003699999999112e-02,0.000000000000000000e+00,0.000000000000000000e+00,1.994055625357017547e+01,-1.994055625357017547e+01,-1.000000000000000000e+02
9.650003499999999790e-02,0.000000000000000000e+00,0.000000000000000000e+00,1.984442222849136428e+01,-1.984442222849136428e+01,-1.000000000000000000e+02
9.670003299999999080e-02,0.000000000000000000e+00,0.000000000000000000e+00,1.974892361178715561e+01,-1.974892361178715561e+01,-1.000000000000000000e+02
9.690003099999999758e-02,0.000000000000000000e+00,0.000000000000000000e+00,1.965405498853638377e+01,-1.965405498853638377e+01,-1.000000000000000000e+02
9.710002899999999049e-02,0.000000000000000000e+00,0.000000000000000000e+00,1.955981100061594091e+01,-1.955981100061594091e+01,-1.000000000000000000e+02
9.730002699999999727e-02,0.000000000000000000e+00,0.000000000000000000e+00,1.946618634599197506e+01,-1.946618634599197506e+01,-1.000000000000000000e+02
9.750002499999999017e-02,0.000000000000000000e+00,0.000000000000000000e+00,1.937317577802136270e+01,-1.937317577802136270e+01,-1.000000000000000000e+02
9.770002299999999695e-02,0.000000000000000000e+00,0.000000000000000000e+00,1.928077410476348064e+01,-1.928077410476348064e+01,-1.000000000000000000e+02
9.790002099999998986e-02,0.000000000000000000e+00,0.000000000000000000e+00,1.918897618830165186e+01,-1.918897618830165186e+01,-1.000000000000000000e+02
9.810001899999999664e-02,0.000000000000000000e+00,0.000000000000000000e+00,1.909777694407442894e+01,-1.909777694407442894e+01,-1.000000000000000000e+02
9.830001700000000342e-02,0.000000000000000000e+00,0.000000000000000000e+00,1.900717134021659405e+01,-1.900717134021659405e+01,-1.000000000000000000e+02
9.850001499999999632e-02,0.000000000000000000e+00,0.000000000000000000e+00,1.891715439690947420e+01,-1.891715439690947420e+01,-1.000000000000000000e+02
9.870001300000000310e-02,0.000000000000000000e+00,0.000000000000000000e+00,1.882772118574049713e+01,-1.882772118574049713e+01,-1.000000000000000000e+02
9.890001099999999601e-02,0.000000000000000000e+00,0.000000000000000000e+00,1.873886682907208723e+01,-1.873886682907208723e+01,-1.000000000000000000e+02
9.910000900000000279e-02,0.000000000000000000e+00,0.000000000000000000e+00,1.865058649941941127e+01,-1.865058649941941127e+01,-1.000000000000000000e+02
9.930000699999999569e-02,0.000000000000000000e+00,0.000000000000000000e+00,1.856287541883689585e+01,-1.856287541883689585e+01,-1.000000000000000000e+02
9.950000500000000248e-02,0.000000000000000000e+00,0.000000000000000000e+00,1.847572885831367273e+01,-1.847572885831367273e+01,-1.000000000000000000e+02
9.970000299999999538e-02,0.000000000000000000e+00,0.000000000000000000e+00,1.838914213717740154e+01,-1.838914213717740154e+01,-1.000000000000000000e+02
9.990000100000000216e-02,0.000000000000000000e+00,0.000000000000000000e+00,1.830311062250649812e+01,-1.830311062250649812e+01,-1.000000000000000000e+02
